image,label
cju15l5ubz9yh0855b3ivdpse.jpg,cju15l5ubz9yh0855b3ivdpse.txt
cju2zo0fwzv580988qlijd2xa.jpg,cju2zo0fwzv580988qlijd2xa.txt
cju6xifswvwbo0987nibtdr50.jpg,cju6xifswvwbo0987nibtdr50.txt
cju43kj2pm34f0850l28ahpni.jpg,cju43kj2pm34f0850l28ahpni.txt
cju884985nlmx0817vzpax3y4.jpg,cju884985nlmx0817vzpax3y4.txt
cju5x00l6m5j608503k78ptee.jpg,cju5x00l6m5j608503k78ptee.txt
cju85dx63lic408017f0l0400.jpg,cju85dx63lic408017f0l0400.txt
cju18gzrq18zw0878wbf4ftw6.jpg,cju18gzrq18zw0878wbf4ftw6.txt
cju2hugv9vget0799hhk7ksvg.jpg,cju2hugv9vget0799hhk7ksvg.txt
cju83mki1jv5w0817kubxm31r.jpg,cju83mki1jv5w0817kubxm31r.txt
cju2rmd2rsw9g09888hh1efu0.jpg,cju2rmd2rsw9g09888hh1efu0.txt
cju2zp89k9q1g0855k1x0f1xa.jpg,cju2zp89k9q1g0855k1x0f1xa.txt
cju6x97w4vwua0850x0997r0a.jpg,cju6x97w4vwua0850x0997r0a.txt
cju32qr9tbvsj08013pkpjenq.jpg,cju32qr9tbvsj08013pkpjenq.txt
cju5vcmrqla7i0817x4sp4pqw.jpg,cju5vcmrqla7i0817x4sp4pqw.txt
cju5xq3tdm9fn0987pbedxdg5.jpg,cju5xq3tdm9fn0987pbedxdg5.txt
cju1fm3id6gl50801r3fok20c.jpg,cju1fm3id6gl50801r3fok20c.txt
cju6v6g6kvdw007552x6mb0po.jpg,cju6v6g6kvdw007552x6mb0po.txt
cju887ftknop008177nnjt46y.jpg,cju887ftknop008177nnjt46y.txt
cju2t9tdwuk700835kv0ljmtl.jpg,cju2t9tdwuk700835kv0ljmtl.txt
cju87mrypnb1e0818scv1mxxg.jpg,cju87mrypnb1e0818scv1mxxg.txt
cju2nbdpmlmcj0993s1cht0dz.jpg,cju2nbdpmlmcj0993s1cht0dz.txt
cju1hhj6mxfp90835n3wofrap.jpg,cju1hhj6mxfp90835n3wofrap.txt
cju43h43am1dy08176gwfhmnt.jpg,cju43h43am1dy08176gwfhmnt.txt
cju7fnfv02tt90801djnix9m8.jpg,cju7fnfv02tt90801djnix9m8.txt
cju2qu37qobl50993aw7ghcfq.jpg,cju2qu37qobl50993aw7ghcfq.txt
cjyzuio1qgh040763k56deohv.jpg,cjyzuio1qgh040763k56deohv.txt
cju5b9oyda4yr0850g9viziyv.jpg,cju5b9oyda4yr0850g9viziyv.txt
cju1egh885m1l0855ci1lt37c.jpg,cju1egh885m1l0855ci1lt37c.txt
cju7b1ygu1msd0801hywhy0mc.jpg,cju7b1ygu1msd0801hywhy0mc.txt
cju7cue9b232j0801qdzk1ykj.jpg,cju7cue9b232j0801qdzk1ykj.txt
cju8bj2ssrmlm0871gc2ug2rs.jpg,cju8bj2ssrmlm0871gc2ug2rs.txt
cju0tl3uz8blh0993wxvn7ly3.jpg,cju0tl3uz8blh0993wxvn7ly3.txt
cju2rzpsmtb0f0835jabkbao1.jpg,cju2rzpsmtb0f0835jabkbao1.txt
cju5bwhapakm90987c1v4z46a.jpg,cju5bwhapakm90987c1v4z46a.txt
cju7aez2x1jtj0871ztezs3oi.jpg,cju7aez2x1jtj0871ztezs3oi.txt
cju7fpfzq2wyf0818xxd1oziv.jpg,cju7fpfzq2wyf0818xxd1oziv.txt
cju2lyynuymli0855g7fxgbhe.jpg,cju2lyynuymli0855g7fxgbhe.txt
cju8ca4geseia0850i2ru11hw.jpg,cju8ca4geseia0850i2ru11hw.txt
cju1cfhyg48bb0799cl5pr2jh.jpg,cju1cfhyg48bb0799cl5pr2jh.txt
cju5ymyd8mmdc0801ry3by1xr.jpg,cju5ymyd8mmdc0801ry3by1xr.txt
cju3xvoo2iqlc0817eku2r3wl.jpg,cju3xvoo2iqlc0817eku2r3wl.txt
cju2hgsptlfam0835o3b59h1o.jpg,cju2hgsptlfam0835o3b59h1o.txt
cju17r8il13910799dr2wme2e.jpg,cju17r8il13910799dr2wme2e.txt
cju5yhgznmkzb0801cji2vi8j.jpg,cju5yhgznmkzb0801cji2vi8j.txt
cju7et17a2vjk0755e743npl1.jpg,cju7et17a2vjk0755e743npl1.txt
cju15mhjczc8z0801kit5c6di.jpg,cju15mhjczc8z0801kit5c6di.txt
cju1f79yhsb5w0993txub59ol.jpg,cju1f79yhsb5w0993txub59ol.txt
cju5f26ebcuai0818xlwh6116.jpg,cju5f26ebcuai0818xlwh6116.txt
cju14g8o4xui30878gkgbrvqj.jpg,cju14g8o4xui30878gkgbrvqj.txt
cju2hfqnmhisa0993gpleeldd.jpg,cju2hfqnmhisa0993gpleeldd.txt
ck2bxqz3evvg20794iiyv5v2m.jpg,ck2bxqz3evvg20794iiyv5v2m.txt
cju77j66ez52p08019xygi0co.jpg,cju77j66ez52p08019xygi0co.txt
cju45ofd9ne1j0801ri8dup7t.jpg,cju45ofd9ne1j0801ri8dup7t.txt
cju77b3wyz4160755qis4ljsb.jpg,cju77b3wyz4160755qis4ljsb.txt
cju17hw9hr9c5098800fu4u8e.jpg,cju17hw9hr9c5098800fu4u8e.txt
cju2yi9tz8vky0801yqip0xyl.jpg,cju2yi9tz8vky0801yqip0xyl.txt
cju45ty6zn9oz0850qy4qnck1.jpg,cju45ty6zn9oz0850qy4qnck1.txt
cju77vvcwzcm50850lzoykuva.jpg,cju77vvcwzcm50850lzoykuva.txt
cju0qoxqj9q6s0835b43399p4.jpg,cju0qoxqj9q6s0835b43399p4.txt
cju8914beokbf0850isxpocrk.jpg,cju8914beokbf0850isxpocrk.txt
cju8b542nr81x0871uxnkm9ih.jpg,cju8b542nr81x0871uxnkm9ih.txt
cju2zy1e49pqk0878t6ncqn12.jpg,cju2zy1e49pqk0878t6ncqn12.txt
cju5fu081d8gc0818l3yylujk.jpg,cju5fu081d8gc0818l3yylujk.txt
cju2zkpdl9h7t0799ix60teqg.jpg,cju2zkpdl9h7t0799ix60teqg.txt
cju2rnkt22xep0801as160g9t.jpg,cju2rnkt22xep0801as160g9t.txt
cju5yimthmlv80850zhoc90c2.jpg,cju5yimthmlv80850zhoc90c2.txt
cju1fjsb4sipq09931lvd8e41.jpg,cju1fjsb4sipq09931lvd8e41.txt
cju2p4ddkmzxj0993p94o62av.jpg,cju2p4ddkmzxj0993p94o62av.txt
cju5uzmaol56l0817flxh4w9p.jpg,cju5uzmaol56l0817flxh4w9p.txt
cju8b7aqtr4a00987coba14b7.jpg,cju8b7aqtr4a00987coba14b7.txt
cju7do8c72dbo0801vxfzxdc4.jpg,cju7do8c72dbo0801vxfzxdc4.txt
cju1dia8hvc6v098827mgffnm.jpg,cju1dia8hvc6v098827mgffnm.txt
cju1cu1u2474n0878tt7v4tdr.jpg,cju1cu1u2474n0878tt7v4tdr.txt
cju7bduyq1rjf08719giru9ho.jpg,cju7bduyq1rjf08719giru9ho.txt
cju7ae7bq1f820987toc8si1d.jpg,cju7ae7bq1f820987toc8si1d.txt
cju34fojcctcf0799ebolbvkn.jpg,cju34fojcctcf0799ebolbvkn.txt
cju5ddda9bkkt0850enzwatb1.jpg,cju5ddda9bkkt0850enzwatb1.txt
cju330ofbc2l30801th5g3hw6.jpg,cju330ofbc2l30801th5g3hw6.txt
cju35k2fr3vc50988c85qkrwg.jpg,cju35k2fr3vc50988c85qkrwg.txt
cju2ouil2mssu0993hvxsed6d.jpg,cju2ouil2mssu0993hvxsed6d.txt
cju2xwm1s84l50799i60mq0pu.jpg,cju2xwm1s84l50799i60mq0pu.txt
cju5wqonpm0e60801z88ewmy1.jpg,cju5wqonpm0e60801z88ewmy1.txt
cju3ul8dogf1z09872y2ecowp.jpg,cju3ul8dogf1z09872y2ecowp.txt
cju324q101fhe08350wae9cif.jpg,cju324q101fhe08350wae9cif.txt
cjyzu9th0qt4r0a46pyl4zik0.jpg,cjyzu9th0qt4r0a46pyl4zik0.txt
cju85citjlnfm0755i4rk5tqj.jpg,cju85citjlnfm0755i4rk5tqj.txt
cju2s2527pfyr0993l3h1149a.jpg,cju2s2527pfyr0993l3h1149a.txt
cju42nm68lpyo0818xvvqmupq.jpg,cju42nm68lpyo0818xvvqmupq.txt
cju7db7lp2f400755tntd1ohf.jpg,cju7db7lp2f400755tntd1ohf.txt
cju2rn0hasxri0835nfy3buay.jpg,cju2rn0hasxri0835nfy3buay.txt
cju88v2f9oi8w0871hx9auh01.jpg,cju88v2f9oi8w0871hx9auh01.txt
cju13hp5rnbjx0835bf0jowgx.jpg,cju13hp5rnbjx0835bf0jowgx.txt
cju5cjh3xattc0817j2vbulzi.jpg,cju5cjh3xattc0817j2vbulzi.txt
cju2tpfa5uyx408359datxqqj.jpg,cju2tpfa5uyx408359datxqqj.txt
cju6vrs1ov8cr098788h8gs6j.jpg,cju6vrs1ov8cr098788h8gs6j.txt
cju8a56vxpy780850r45yu4wk.jpg,cju8a56vxpy780850r45yu4wk.txt
cju7dqcwi2dz00850gcmr2ert.jpg,cju7dqcwi2dz00850gcmr2ert.txt
cju8bafgqrf4x0818twisk3ea.jpg,cju8bafgqrf4x0818twisk3ea.txt
cju2t2ivz43i10878zeg8r1br.jpg,cju2t2ivz43i10878zeg8r1br.txt
cju33x0f22peh0988g0ln7w5v.jpg,cju33x0f22peh0988g0ln7w5v.txt
cju2hjrqcvi2j0801bx1i6gxg.jpg,cju2hjrqcvi2j0801bx1i6gxg.txt
cju160wshltz10993i1gmqxbe.jpg,cju160wshltz10993i1gmqxbe.txt
cju5fi0yxd3ei0801v7u0yudn.jpg,cju5fi0yxd3ei0801v7u0yudn.txt
cju3ya7goj6at0818v2l5ay7f.jpg,cju3ya7goj6at0818v2l5ay7f.txt
cju357rxxdaz30878y2esjpjt.jpg,cju357rxxdaz30878y2esjpjt.txt
cju88q6h6obpd0871ckmiabbo.jpg,cju88q6h6obpd0871ckmiabbo.txt
cju8at3s1qqqx0850hcq8nmnq.jpg,cju8at3s1qqqx0850hcq8nmnq.txt
cju3xuj20ivgp0818mij8bjrd.jpg,cju3xuj20ivgp0818mij8bjrd.txt
cju16b6ynq8e40988m8vx0xnj.jpg,cju16b6ynq8e40988m8vx0xnj.txt
cju18ibp219ub08783i6o98g7.jpg,cju18ibp219ub08783i6o98g7.txt
cju2uzabhs6er0993x3aaf87p.jpg,cju2uzabhs6er0993x3aaf87p.txt
cju87zv8lni0o0850hbbecbq6.jpg,cju87zv8lni0o0850hbbecbq6.txt
cju6v5ilsv8hk0850rb5sgh6o.jpg,cju6v5ilsv8hk0850rb5sgh6o.txt
cju1brhsj3rls0855a1vgdlen.jpg,cju1brhsj3rls0855a1vgdlen.txt
cju30j1rgadut0801vuyrsnt8.jpg,cju30j1rgadut0801vuyrsnt8.txt
cju88fpm4o0tl0871w1i6a4ds.jpg,cju88fpm4o0tl0871w1i6a4ds.txt
cju6vvb8svhed0801jjcquh5e.jpg,cju6vvb8svhed0801jjcquh5e.txt
cju85c2d4ln1b0755zz1z3onx.jpg,cju85c2d4ln1b0755zz1z3onx.txt
ck2bxw18mmz1k0725litqq2mc.jpg,ck2bxw18mmz1k0725litqq2mc.txt
cju2zdvjn9h7r08553cp4eed5.jpg,cju2zdvjn9h7r08553cp4eed5.txt
cju2trtjf4qjd0878a2zle9v9.jpg,cju2trtjf4qjd0878a2zle9v9.txt
cju5clr68b48r0755cmuvponm.jpg,cju5clr68b48r0755cmuvponm.txt
cju2t3ibkuecr0835o7si16zv.jpg,cju2t3ibkuecr0835o7si16zv.txt
ck2bxpfgxu2mk0748gsh7xelu.jpg,ck2bxpfgxu2mk0748gsh7xelu.txt
cju2urqpwvxw70835rvndvtsi.jpg,cju2urqpwvxw70835rvndvtsi.txt
cju2syxa93yw40799x2iuwabz.jpg,cju2syxa93yw40799x2iuwabz.txt
cju3xiic0ilzp0850lusrb42j.jpg,cju3xiic0ilzp0850lusrb42j.txt
cju1cbokpuiw70988j4lq1fpi.jpg,cju1cbokpuiw70988j4lq1fpi.txt
cju2ulk385h170799rlklxob0.jpg,cju2ulk385h170799rlklxob0.txt
cju83h9ysjwe808716nt35oah.jpg,cju83h9ysjwe808716nt35oah.txt
cjyzkpsbjdsjq07211dfi4sru.jpg,cjyzkpsbjdsjq07211dfi4sru.txt
cju6ut4l8va6y0755tyw3vfqq.jpg,cju6ut4l8va6y0755tyw3vfqq.txt
cju2m56cryvqd0801gtn2yp8t.jpg,cju2m56cryvqd0801gtn2yp8t.txt
cju7f6cqy2ur20818t1saazbm.jpg,cju7f6cqy2ur20818t1saazbm.txt
cju8c5223s8j80850b4kealt4.jpg,cju8c5223s8j80850b4kealt4.txt
cju0sxqiclckk08551ycbwhno.jpg,cju0sxqiclckk08551ycbwhno.txt
cju2ti1du4idn0878giuozonw.jpg,cju2ti1du4idn0878giuozonw.txt
cju7da88w2eod0755wejzynvt.jpg,cju7da88w2eod0755wejzynvt.txt
cju6v3bb2v7xo085090blubyw.jpg,cju6v3bb2v7xo085090blubyw.txt
cju7dglf226g50987ohbthl19.jpg,cju7dglf226g50987ohbthl19.txt
cju5buy2bal250818ipl6fqwv.jpg,cju5buy2bal250818ipl6fqwv.txt
cju45qbf3n9sa0987oonbkly9.jpg,cju45qbf3n9sa0987oonbkly9.txt
cju5uget8krjy0818kvywd0zu.jpg,cju5uget8krjy0818kvywd0zu.txt
cju3x9lttikfb0818a0g104zn.jpg,cju3x9lttikfb0818a0g104zn.txt
cju30ov1oah920801mi8thuyg.jpg,cju30ov1oah920801mi8thuyg.txt
cju5wrapcm2290818jsh26ppb.jpg,cju5wrapcm2290818jsh26ppb.txt
ck2da7fwcjfis07218r1rvm95.jpg,ck2da7fwcjfis07218r1rvm95.txt
cju1c8ffau5770835g0g343o8.jpg,cju1c8ffau5770835g0g343o8.txt
cju8chxndsre008015uisl4si.jpg,cju8chxndsre008015uisl4si.txt
cju306x7w05nb0835cunv799x.jpg,cju306x7w05nb0835cunv799x.txt
cju5cky5xb0ay0801oxet697t.jpg,cju5cky5xb0ay0801oxet697t.txt
cju18kevfrojc0835bn90f1in.jpg,cju18kevfrojc0835bn90f1in.txt
cju3yb47cj1xq0817zfotbni4.jpg,cju3yb47cj1xq0817zfotbni4.txt
cju8b5p40r2c60987ofa0mu03.jpg,cju8b5p40r2c60987ofa0mu03.txt
cju5bmhdcafs909878qfzrqzi.jpg,cju5bmhdcafs909878qfzrqzi.txt
